Category,Accuracy,Loss
Weather ID,97.02380952380952,2.9761904761904816
Main Label,97.02380952380952,2.9761904761904816
Description,96.42857142857143,3.5714285714285694
Icon Choice,86.30952380952381,13.69047619047619
