Category,Accuracy,Loss
Weather ID,95.23809523809523,4.761904761904773
Main Label,94.64285714285714,5.357142857142861
Description,95.83333333333334,4.166666666666657
Icon Choice,86.90476190476191,13.095238095238088
