Category,Accuracy,Loss
Weather ID,93.64406779661016,6.355932203389841
Main Label,95.33898305084746,4.66101694915254
Description,93.22033898305084,6.779661016949163
Icon Choice,87.71186440677965,12.288135593220346
