Category,Accuracy,Loss
Weather ID,65.67796610169492,34.32203389830508
Main Label,73.30508474576271,26.694915254237287
Description,66.94915254237289,33.050847457627114
Icon Choice,55.08474576271186,44.91525423728814
